state_name,state_abb,year,co2_emissions
Alabama,AL,1990,110.7
Alaska,AK,1990,34.8
Arizona,AZ,1990,63.3
Arkansas,AR,1990,51.2
California,CA,1990,359.8
Colorado,CO,1990,66.3
Connecticut,CT,1990,41.0
Delaware,DE,1990,16.8
District of Columbia,DC,1990,4.5
Florida,FL,1990,189.5
Georgia,GA,1990,140.1
Hawaii,HI,1990,21.8
Idaho,ID,1990,11.4
Illinois,IL,1990,192.2
Indiana,IN,1990,205.9
Iowa,IA,1990,63.0
Kansas,KS,1990,69.5
Kentucky,KY,1990,118.4
Louisiana,LA,1990,196.3
Maine,ME,1990,19.1
Maryland,MD,1990,70.3
Massachusetts,MA,1990,84.0
Michigan,MI,1990,181.6
Minnesota,MN,1990,79.0
Mississippi,MS,1990,48.8
Missouri,MO,1990,102.9
Montana,MT,1990,27.1
Nebraska,NE,1990,33.1
Nevada,NV,1990,30.8
New Hampshire,NH,1990,14.8
New Jersey,NJ,1990,109.0
New Mexico,NM,1990,53.5
New York,NY,1990,208.5
North Carolina,NC,1990,111.8
North Dakota,ND,1990,44.9
Ohio,OH,1990,246.5
Oklahoma,OK,1990,88.0
Oregon,OR,1990,30.2
Pennsylvania,PA,1990,264.3
Rhode Island,RI,1990,8.9
South Carolina,SC,1990,60.8
South Dakota,SD,1990,11.9
Tennessee,TN,1990,105.1
Texas,TX,1990,579.3
Utah,UT,1990,54.5
Vermont,VT,1990,5.5
Virginia,VA,1990,95.5
Washington,WA,1990,66.5
West Virginia,WV,1990,104.0
Wisconsin,WI,1990,86.2
Wyoming,WY,1990,57.2
United States,US,1990,5039.9
Alabama,AL,1991,115.0
Alaska,AK,1991,35.4
Arizona,AZ,1991,64.2
Arkansas,AR,1991,50.1
California,CA,1991,347.2
Colorado,CO,1991,67.6
Connecticut,CT,1991,40.1
Delaware,DE,1991,17.6
District of Columbia,DC,1991,4.4
Florida,FL,1991,190.6
Georgia,GA,1991,132.0
Hawaii,HI,1991,19.8
Idaho,ID,1991,12.1
Illinois,IL,1991,192.1
Indiana,IN,1991,202.4
Iowa,IA,1991,65.0
Kansas,KS,1991,68.1
Kentucky,KY,1991,118.6
Louisiana,LA,1991,195.5
Maine,ME,1991,18.7
Maryland,MD,1991,69.1
Massachusetts,MA,1991,82.7
Michigan,MI,1991,180.1
Minnesota,MN,1991,79.0
Mississippi,MS,1991,48.6
Missouri,MO,1991,103.1
Montana,MT,1991,28.3
Nebraska,NE,1991,34.0
Nevada,NV,1991,32.8
New Hampshire,NH,1991,14.4
New Jersey,NJ,1991,110.1
New Mexico,NM,1991,49.3
New York,NY,1991,200.8
North Carolina,NC,1991,111.6
North Dakota,ND,1991,45.9
Ohio,OH,1991,244.9
Oklahoma,OK,1991,89.4
Oregon,OR,1991,34.1
Pennsylvania,PA,1991,256.7
Rhode Island,RI,1991,10.8
South Carolina,SC,1991,62.1
South Dakota,SD,1991,11.6
Tennessee,TN,1991,100.5
Texas,TX,1991,575.0
Utah,UT,1991,53.4
Vermont,VT,1991,5.7
Virginia,VA,1991,96.8
Washington,WA,1991,67.4
West Virginia,WV,1991,96.2
Wisconsin,WI,1991,88.5
Wyoming,WY,1991,55.5
United States,US,1991,4994.6
Alabama,AL,1992,122.3
Alaska,AK,1992,36.9
Arizona,AZ,1992,67.3
Arkansas,AR,1992,52.0
California,CA,1992,352.8
Colorado,CO,1992,68.8
Connecticut,CT,1992,40.6
Delaware,DE,1992,16.5
District of Columbia,DC,1992,4.4
Florida,FL,1992,193.7
Georgia,GA,1992,132.0
Hawaii,HI,1992,20.9
Idaho,ID,1992,11.4
Illinois,IL,1992,188.5
Indiana,IN,1992,199.8
Iowa,IA,1992,63.8
Kansas,KS,1992,66.0
Kentucky,KY,1992,122.0
Louisiana,LA,1992,202.8
Maine,ME,1992,19.5
Maryland,MD,1992,67.1
Massachusetts,MA,1992,84.9
Michigan,MI,1992,179.5
Minnesota,MN,1992,80.7
Mississippi,MS,1992,48.8
Missouri,MO,1992,102.8
Montana,MT,1992,29.6
Nebraska,NE,1992,33.0
Nevada,NV,1992,33.9
New Hampshire,NH,1992,14.6
New Jersey,NJ,1992,117.0
New Mexico,NM,1992,52.0
New York,NY,1992,200.0
North Carolina,NC,1992,122.3
North Dakota,ND,1992,47.8
Ohio,OH,1992,250.2
Oklahoma,OK,1992,92.7
Oregon,OR,1992,35.0
Pennsylvania,PA,1992,266.4
Rhode Island,RI,1992,13.2
South Carolina,SC,1992,61.3
South Dakota,SD,1992,11.7
Tennessee,TN,1992,106.3
Texas,TX,1992,581.1
Utah,UT,1992,55.2
Vermont,VT,1992,6.2
Virginia,VA,1992,98.3
Washington,WA,1992,74.1
West Virginia,WV,1992,98.3
Wisconsin,WI,1992,87.9
Wyoming,WY,1992,61.5
United States,US,1992,5094.9
Alabama,AL,1993,126.5
Alaska,AK,1993,36.7
Arizona,AZ,1993,69.3
Arkansas,AR,1993,50.8
California,CA,1993,341.0
Colorado,CO,1993,72.3
Connecticut,CT,1993,38.4
Delaware,DE,1993,17.8
District of Columbia,DC,1993,4.6
Florida,FL,1993,196.2
Georgia,GA,1993,140.8
Hawaii,HI,1993,19.1
Idaho,ID,1993,12.5
Illinois,IL,1993,204.4
Indiana,IN,1993,203.8
Iowa,IA,1993,67.7
Kansas,KS,1993,71.2
Kentucky,KY,1993,132.8
Louisiana,LA,1993,205.3
Maine,ME,1993,19.0
Maryland,MD,1993,69.3
Massachusetts,MA,1993,81.7
Michigan,MI,1993,179.1
Minnesota,MN,1993,84.9
Mississippi,MS,1993,50.8
Missouri,MO,1993,101.0
Montana,MT,1993,27.5
Nebraska,NE,1993,36.2
Nevada,NV,1993,34.2
New Hampshire,NH,1993,15.0
New Jersey,NJ,1993,113.0
New Mexico,NM,1993,52.6
New York,NY,1993,194.6
North Carolina,NC,1993,127.6
North Dakota,ND,1993,47.9
Ohio,OH,1993,254.0
Oklahoma,OK,1993,95.4
Oregon,OR,1993,35.2
Pennsylvania,PA,1993,269.3
Rhode Island,RI,1993,10.9
South Carolina,SC,1993,65.9
South Dakota,SD,1993,12.4
Tennessee,TN,1993,116.9
Texas,TX,1993,595.9
Utah,UT,1993,56.8
Vermont,VT,1993,6.2
Virginia,VA,1993,102.3
Washington,WA,1993,71.0
West Virginia,WV,1993,99.0
Wisconsin,WI,1993,90.8
Wyoming,WY,1993,58.3
United States,US,1993,5185.8
Alabama,AL,1994,124.5
Alaska,AK,1994,36.5
Arizona,AZ,1994,72.1
Arkansas,AR,1994,54.8
California,CA,1994,357.4
Colorado,CO,1994,72.8
Connecticut,CT,1994,37.7
Delaware,DE,1994,17.2
District of Columbia,DC,1994,4.5
Florida,FL,1994,203.7
Georgia,GA,1994,143.8
Hawaii,HI,1994,20.5
Idaho,ID,1994,12.6
Illinois,IL,1994,204.6
Indiana,IN,1994,203.4
Iowa,IA,1994,68.8
Kansas,KS,1994,71.6
Kentucky,KY,1994,130.7
Louisiana,LA,1994,211.7
Maine,ME,1994,20.4
Maryland,MD,1994,70.4
Massachusetts,MA,1994,81.9
Michigan,MI,1994,187.0
Minnesota,MN,1994,86.5
Mississippi,MS,1994,50.6
Missouri,MO,1994,108.5
Montana,MT,1994,30.2
Nebraska,NE,1994,36.1
Nevada,NV,1994,36.5
New Hampshire,NH,1994,15.1
New Jersey,NJ,1994,123.0
New Mexico,NM,1994,52.5
New York,NY,1994,192.6
North Carolina,NC,1994,122.9
North Dakota,ND,1994,48.2
Ohio,OH,1994,250.5
Oklahoma,OK,1994,94.1
Oregon,OR,1994,36.8
Pennsylvania,PA,1994,266.8
Rhode Island,RI,1994,12.9
South Carolina,SC,1994,66.0
South Dakota,SD,1994,13.0
Tennessee,TN,1994,111.5
Texas,TX,1994,598.8
Utah,UT,1994,57.9
Vermont,VT,1994,6.0
Virginia,VA,1994,101.2
Washington,WA,1994,75.3
West Virginia,WV,1994,106.6
Wisconsin,WI,1994,94.1
Wyoming,WY,1994,60.5
United States,US,1994,5263.6
Alabama,AL,1995,132.3
Alaska,AK,1995,41.2
Arizona,AZ,1995,67.0
Arkansas,AR,1995,58.2
California,CA,1995,346.1
Colorado,CO,1995,72.8
Connecticut,CT,1995,37.0
Delaware,DE,1995,16.2
District of Columbia,DC,1995,4.4
Florida,FL,1995,209.0
Georgia,GA,1995,152.2
Hawaii,HI,1995,20.4
Idaho,ID,1995,13.4
Illinois,IL,1995,208.7
Indiana,IN,1995,208.9
Iowa,IA,1995,72.3
Kansas,KS,1995,69.1
Kentucky,KY,1995,136.3
Louisiana,LA,1995,211.5
Maine,ME,1995,19.1
Maryland,MD,1995,69.9
Massachusetts,MA,1995,79.2
Michigan,MI,1995,189.9
Minnesota,MN,1995,89.3
Mississippi,MS,1995,52.1
Missouri,MO,1995,115.9
Montana,MT,1995,29.8
Nebraska,NE,1995,38.7
Nevada,NV,1995,35.6
New Hampshire,NH,1995,15.2
New Jersey,NJ,1995,122.4
New Mexico,NM,1995,51.1
New York,NY,1995,198.2
North Carolina,NC,1995,129.3
North Dakota,ND,1995,48.1
Ohio,OH,1995,252.8
Oklahoma,OK,1995,95.0
Oregon,OR,1995,34.1
Pennsylvania,PA,1995,269.2
Rhode Island,RI,1995,12.1
South Carolina,SC,1995,65.0
South Dakota,SD,1995,12.8
Tennessee,TN,1995,118.4
Texas,TX,1995,601.5
Utah,UT,1995,58.2
Vermont,VT,1995,6.0
Virginia,VA,1995,103.5
Washington,WA,1995,73.4
West Virginia,WV,1995,105.1
Wisconsin,WI,1995,97.0
Wyoming,WY,1995,58.3
United States,US,1995,5323.2
Alabama,AL,1996,138.4
Alaska,AK,1996,42.1
Arizona,AZ,1996,68.8
Arkansas,AR,1996,60.8
California,CA,1996,344.7
Colorado,CO,1996,75.7
Connecticut,CT,1996,39.9
Delaware,DE,1996,16.8
District of Columbia,DC,1996,4.4
Florida,FL,1996,214.6
Georgia,GA,1996,156.5
Hawaii,HI,1996,19.4
Idaho,ID,1996,14.1
Illinois,IL,1996,222.6
Indiana,IN,1996,213.4
Iowa,IA,1996,74.3
Kansas,KS,1996,74.6
Kentucky,KY,1996,137.5
Louisiana,LA,1996,215.5
Maine,ME,1996,19.6
Maryland,MD,1996,72.0
Massachusetts,MA,1996,79.9
Michigan,MI,1996,195.3
Minnesota,MN,1996,94.2
Mississippi,MS,1996,55.0
Missouri,MO,1996,122.1
Montana,MT,1996,27.0
Nebraska,NE,1996,39.9
Nevada,NV,1996,38.3
New Hampshire,NH,1996,15.4
New Jersey,NJ,1996,121.6
New Mexico,NM,1996,52.7
New York,NY,1996,200.9
North Carolina,NC,1996,141.3
North Dakota,ND,1996,49.0
Ohio,OH,1996,265.4
Oklahoma,OK,1996,97.6
Oregon,OR,1996,36.2
Pennsylvania,PA,1996,275.2
Rhode Island,RI,1996,13.6
South Carolina,SC,1996,69.1
South Dakota,SD,1996,12.8
Tennessee,TN,1996,119.2
Texas,TX,1996,646.5
Utah,UT,1996,59.0
Vermont,VT,1996,6.3
Virginia,VA,1996,108.2
Washington,WA,1996,76.3
West Virginia,WV,1996,107.8
Wisconsin,WI,1996,101.2
Wyoming,WY,1996,59.7
United States,US,1996,5512.1
Alabama,AL,1997,134.9
Alaska,AK,1997,42.1
Arizona,AZ,1997,71.8
Arkansas,AR,1997,59.6
California,CA,1997,346.6
Colorado,CO,1997,75.7
Connecticut,CT,1997,42.8
Delaware,DE,1997,15.4
District of Columbia,DC,1997,4.3
Florida,FL,1997,219.4
Georgia,GA,1997,157.1
Hawaii,HI,1997,18.8
Idaho,ID,1997,13.8
Illinois,IL,1997,225.5
Indiana,IN,1997,217.1
Iowa,IA,1997,73.5
Kansas,KS,1997,71.5
Kentucky,KY,1997,141.7
Louisiana,LA,1997,222.1
Maine,ME,1997,19.8
Maryland,MD,1997,72.2
Massachusetts,MA,1997,85.9
Michigan,MI,1997,192.2
Minnesota,MN,1997,91.6
Mississippi,MS,1997,55.7
Missouri,MO,1997,125.6
Montana,MT,1997,29.0
Nebraska,NE,1997,41.1
Nevada,NV,1997,38.1
New Hampshire,NH,1997,16.6
New Jersey,NJ,1997,122.9
New Mexico,NM,1997,55.9
New York,NY,1997,205.0
North Carolina,NC,1997,143.5
North Dakota,ND,1997,47.6
Ohio,OH,1997,260.4
Oklahoma,OK,1997,98.8
Oregon,OR,1997,35.9
Pennsylvania,PA,1997,276.0
Rhode Island,RI,1997,13.6
South Carolina,SC,1997,71.4
South Dakota,SD,1997,13.3
Tennessee,TN,1997,122.4
Texas,TX,1997,668.0
Utah,UT,1997,61.0
Vermont,VT,1997,6.5
Virginia,VA,1997,110.1
Washington,WA,1997,75.5
West Virginia,WV,1997,111.2
Wisconsin,WI,1997,103.6
Wyoming,WY,1997,58.9
United States,US,1997,5582.9
Alabama,AL,1998,134.9
Alaska,AK,1998,43.4
Arizona,AZ,1998,77.1
Arkansas,AR,1998,61.3
California,CA,1998,358.8
Colorado,CO,1998,78.4
Connecticut,CT,1998,40.6
Delaware,DE,1998,15.0
District of Columbia,DC,1998,4.1
Florida,FL,1998,233.5
Georgia,GA,1998,159.0
Hawaii,HI,1998,18.9
Idaho,ID,1998,14.2
Illinois,IL,1998,216.6
Indiana,IN,1998,219.0
Iowa,IA,1998,77.6
Kansas,KS,1998,70.8
Kentucky,KY,1998,139.7
Louisiana,LA,1998,207.8
Maine,ME,1998,19.5
Maryland,MD,1998,75.2
Massachusetts,MA,1998,84.3
Michigan,MI,1998,192.3
Minnesota,MN,1998,92.1
Mississippi,MS,1998,56.9
Missouri,MO,1998,130.4
Montana,MT,1998,30.8
Nebraska,NE,1998,43.3
Nevada,NV,1998,41.0
New Hampshire,NH,1998,16.8
New Jersey,NJ,1998,119.2
New Mexico,NM,1998,55.7
New York,NY,1998,204.3
North Carolina,NC,1998,143.5
North Dakota,ND,1998,49.0
Ohio,OH,1998,260.0
Oklahoma,OK,1998,97.6
Oregon,OR,1998,41.3
Pennsylvania,PA,1998,266.1
Rhode Island,RI,1998,14.0
South Carolina,SC,1998,74.5
South Dakota,SD,1998,12.9
Tennessee,TN,1998,121.5
Texas,TX,1998,677.9
Utah,UT,1998,63.7
Vermont,VT,1998,6.3
Virginia,VA,1998,112.7
Washington,WA,1998,76.4
West Virginia,WV,1998,115.2
Wisconsin,WI,1998,102.0
Wyoming,WY,1998,64.1
United States,US,1998,5631.4
Alabama,AL,1999,137.6
Alaska,AK,1999,44.0
Arizona,AZ,1999,81.2
Arkansas,AR,1999,63.7
California,CA,1999,362.9
Colorado,CO,1999,80.4
Connecticut,CT,1999,41.9
Delaware,DE,1999,15.2
District of Columbia,DC,1999,4.2
Florida,FL,1999,233.3
Georgia,GA,1999,161.9
Hawaii,HI,1999,18.7
Idaho,ID,1999,15.1
Illinois,IL,1999,227.0
Indiana,IN,1999,225.5
Iowa,IA,1999,78.9
Kansas,KS,1999,74.5
Kentucky,KY,1999,144.1
Louisiana,LA,1999,207.7
Maine,ME,1999,20.6
Maryland,MD,1999,77.8
Massachusetts,MA,1999,81.9
Michigan,MI,1999,200.8
Minnesota,MN,1999,93.0
Mississippi,MS,1999,62.1
Missouri,MO,1999,131.1
Montana,MT,1999,31.3
Nebraska,NE,1999,42.2
Nevada,NV,1999,41.7
New Hampshire,NH,1999,16.9
New Jersey,NJ,1999,123.3
New Mexico,NM,1999,56.8
New York,NY,1999,206.6
North Carolina,NC,1999,142.2
North Dakota,ND,1999,50.1
Ohio,OH,1999,259.4
Oklahoma,OK,1999,97.2
Oregon,OR,1999,42.4
Pennsylvania,PA,1999,265.0
Rhode Island,RI,1999,13.3
South Carolina,SC,1999,77.8
South Dakota,SD,1999,13.6
Tennessee,TN,1999,122.2
Texas,TX,1999,659.7
Utah,UT,1999,62.7
Vermont,VT,1999,6.5
Virginia,VA,1999,114.9
Washington,WA,1999,76.7
West Virginia,WV,1999,116.2
Wisconsin,WI,1999,106.6
Wyoming,WY,1999,62.8
United States,US,1999,5693.0
Alabama,AL,2000,143.4
Alaska,AK,2000,44.6
Arizona,AZ,2000,86.7
Arkansas,AR,2000,64.0
California,CA,2000,378.3
Colorado,CO,2000,85.3
Connecticut,CT,2000,43.1
Delaware,DE,2000,16.1
District of Columbia,DC,2000,4.3
Florida,FL,2000,241.2
Georgia,GA,2000,169.8
Hawaii,HI,2000,18.9
Idaho,ID,2000,15.7
Illinois,IL,2000,233.7
Indiana,IN,2000,238.8
Iowa,IA,2000,79.8
Kansas,KS,2000,76.2
Kentucky,KY,2000,145.0
Louisiana,LA,2000,225.6
Maine,ME,2000,22.4
Maryland,MD,2000,77.9
Massachusetts,MA,2000,82.9
Michigan,MI,2000,195.3
Minnesota,MN,2000,98.0
Mississippi,MS,2000,61.5
Missouri,MO,2000,126.1
Montana,MT,2000,30.7
Nebraska,NE,2000,41.9
Nevada,NV,2000,45.7
New Hampshire,NH,2000,17.6
New Jersey,NJ,2000,122.8
New Mexico,NM,2000,58.4
New York,NY,2000,212.6
North Carolina,NC,2000,149.9
North Dakota,ND,2000,51.4
Ohio,OH,2000,266.4
Oklahoma,OK,2000,100.2
Oregon,OR,2000,41.1
Pennsylvania,PA,2000,277.5
Rhode Island,RI,2000,11.8
South Carolina,SC,2000,81.3
South Dakota,SD,2000,14.3
Tennessee,TN,2000,127.9
Texas,TX,2000,678.8
Utah,UT,2000,65.4
Vermont,VT,2000,6.8
Virginia,VA,2000,123.7
Washington,WA,2000,78.4
West Virginia,WV,2000,115.4
Wisconsin,WI,2000,108.5
Wyoming,WY,2000,63.5
United States,US,2000,5866.6
Alabama,AL,2001,135.0
Alaska,AK,2001,43.7
Arizona,AZ,2001,89.2
Arkansas,AR,2001,63.3
California,CA,2001,383.4
Colorado,CO,2001,93.6
Connecticut,CT,2001,41.9
Delaware,DE,2001,15.6
District of Columbia,DC,2001,4.1
Florida,FL,2001,240.3
Georgia,GA,2001,162.3
Hawaii,HI,2001,19.4
Idaho,ID,2001,15.7
Illinois,IL,2001,225.3
Indiana,IN,2001,228.8
Iowa,IA,2001,78.8
Kansas,KS,2001,72.0
Kentucky,KY,2001,146.8
Louisiana,LA,2001,198.8
Maine,ME,2001,22.6
Maryland,MD,2001,77.8
Massachusetts,MA,2001,82.8
Michigan,MI,2001,191.4
Minnesota,MN,2001,95.2
Mississippi,MS,2001,70.4
Missouri,MO,2001,131.0
Montana,MT,2001,31.9
Nebraska,NE,2001,43.3
Nevada,NV,2001,45.1
New Hampshire,NH,2001,17.1
New Jersey,NJ,2001,120.4
New Mexico,NM,2001,58.7
New York,NY,2001,207.1
North Carolina,NC,2001,145.1
North Dakota,ND,2001,52.4
Ohio,OH,2001,256.0
Oklahoma,OK,2001,101.7
Oregon,OR,2001,40.9
Pennsylvania,PA,2001,264.8
Rhode Island,RI,2001,12.4
South Carolina,SC,2001,79.1
South Dakota,SD,2001,13.6
Tennessee,TN,2001,125.9
Texas,TX,2001,674.7
Utah,UT,2001,63.4
Vermont,VT,2001,6.6
Virginia,VA,2001,121.6
Washington,WA,2001,78.4
West Virginia,WV,2001,104.8
Wisconsin,WI,2001,106.5
Wyoming,WY,2001,63.9
United States,US,2001,5764.7
Alabama,AL,2002,140.0
Alaska,AK,2002,43.9
Arizona,AZ,2002,88.6
Arkansas,AR,2002,61.9
California,CA,2002,381.8
Colorado,CO,2002,91.8
Connecticut,CT,2002,40.3
Delaware,DE,2002,15.4
District of Columbia,DC,2002,4.2
Florida,FL,2002,243.7
Georgia,GA,2002,167.2
Hawaii,HI,2002,20.6
Idaho,ID,2002,15.1
Illinois,IL,2002,227.8
Indiana,IN,2002,231.9
Iowa,IA,2002,79.6
Kansas,KS,2002,77.2
Kentucky,KY,2002,147.6
Louisiana,LA,2002,208.1
Maine,ME,2002,24.1
Maryland,MD,2002,77.8
Massachusetts,MA,2002,83.7
Michigan,MI,2002,190.8
Minnesota,MN,2002,97.8
Mississippi,MS,2002,63.0
Missouri,MO,2002,132.2
Montana,MT,2002,30.3
Nebraska,NE,2002,42.8
Nevada,NV,2002,41.8
New Hampshire,NH,2002,17.8
New Jersey,NJ,2002,120.4
New Mexico,NM,2002,55.7
New York,NY,2002,201.4
North Carolina,NC,2002,146.8
North Dakota,ND,2002,52.1
Ohio,OH,2002,262.4
Oklahoma,OK,2002,102.0
Oregon,OR,2002,39.4
Pennsylvania,PA,2002,271.6
Rhode Island,RI,2002,11.8
South Carolina,SC,2002,80.7
South Dakota,SD,2002,13.9
Tennessee,TN,2002,125.3
Texas,TX,2002,687.0
Utah,UT,2002,62.7
Vermont,VT,2002,6.4
Virginia,VA,2002,120.1
Washington,WA,2002,72.0
West Virginia,WV,2002,118.1
Wisconsin,WI,2002,107.7
Wyoming,WY,2002,62.7
United States,US,2002,5809.2
Alabama,AL,2003,140.9
Alaska,AK,2003,43.9
Arizona,AZ,2003,90.5
Arkansas,AR,2003,62.5
California,CA,2003,370.3
Colorado,CO,2003,91.2
Connecticut,CT,2003,43.0
Delaware,DE,2003,15.9
District of Columbia,DC,2003,3.9
Florida,FL,2003,247.8
Georgia,GA,2003,170.3
Hawaii,HI,2003,21.6
Idaho,ID,2003,14.5
Illinois,IL,2003,231.3
Indiana,IN,2003,237.8
Iowa,IA,2003,79.2
Kansas,KS,2003,78.9
Kentucky,KY,2003,143.6
Louisiana,LA,2003,203.6
Maine,ME,2003,23.8
Maryland,MD,2003,80.6
Massachusetts,MA,2003,85.0
Michigan,MI,2003,187.5
Minnesota,MN,2003,101.9
Mississippi,MS,2003,64.6
Missouri,MO,2003,139.1
Montana,MT,2003,32.6
Nebraska,NE,2003,43.9
Nevada,NV,2003,44.0
New Hampshire,NH,2003,21.1
New Jersey,NJ,2003,121.7
New Mexico,NM,2003,57.9
New York,NY,2003,212.0
North Carolina,NC,2003,148.0
North Dakota,ND,2003,51.7
Ohio,OH,2003,270.3
Oklahoma,OK,2003,104.2
Oregon,OR,2003,39.9
Pennsylvania,PA,2003,275.2
Rhode Island,RI,2003,11.6
South Carolina,SC,2003,81.3
South Dakota,SD,2003,13.8
Tennessee,TN,2003,123.5
Texas,TX,2003,681.3
Utah,UT,2003,63.4
Vermont,VT,2003,6.6
Virginia,VA,2003,124.2
Washington,WA,2003,74.0
West Virginia,WV,2003,114.6
Wisconsin,WI,2003,105.7
Wyoming,WY,2003,64.6
United States,US,2003,5859.9
Alabama,AL,2004,143.6
Alaska,AK,2004,47.2
Arizona,AZ,2004,97.8
Arkansas,AR,2004,63.1
California,CA,2004,389.4
Colorado,CO,2004,94.4
Connecticut,CT,2004,45.0
Delaware,DE,2004,16.2
District of Columbia,DC,2004,4.0
Florida,FL,2004,259.9
Georgia,GA,2004,176.0
Hawaii,HI,2004,22.6
Idaho,ID,2004,15.8
Illinois,IL,2004,239.2
Indiana,IN,2004,237.8
Iowa,IA,2004,81.5
Kansas,KS,2004,76.1
Kentucky,KY,2004,149.4
Louisiana,LA,2004,214.0
Maine,ME,2004,24.2
Maryland,MD,2004,81.6
Massachusetts,MA,2004,83.6
Michigan,MI,2004,190.4
Minnesota,MN,2004,101.4
Mississippi,MS,2004,66.3
Missouri,MO,2004,140.0
Montana,MT,2004,34.3
Nebraska,NE,2004,43.8
Nevada,NV,2004,48.3
New Hampshire,NH,2004,22.1
New Jersey,NJ,2004,124.6
New Mexico,NM,2004,59.2
New York,NY,2004,214.8
North Carolina,NC,2004,151.7
North Dakota,ND,2004,50.3
Ohio,OH,2004,266.1
Oklahoma,OK,2004,100.4
Oregon,OR,2004,41.0
Pennsylvania,PA,2004,278.7
Rhode Island,RI,2004,11.0
South Carolina,SC,2004,88.5
South Dakota,SD,2004,13.9
Tennessee,TN,2004,125.3
Texas,TX,2004,682.6
Utah,UT,2004,66.1
Vermont,VT,2004,7.1
Virginia,VA,2004,128.4
Washington,WA,2004,75.4
West Virginia,WV,2004,111.6
Wisconsin,WI,2004,108.5
Wyoming,WY,2004,64.7
United States,US,2004,5978.8
Alabama,AL,2005,145.0
Alaska,AK,2005,48.5
Arizona,AZ,2005,97.7
Arkansas,AR,2005,60.7
California,CA,2005,385.7
Colorado,CO,2005,96.4
Connecticut,CT,2005,44.3
Delaware,DE,2005,16.9
District of Columbia,DC,2005,3.9
Florida,FL,2005,262.7
Georgia,GA,2005,186.3
Hawaii,HI,2005,23.2
Idaho,ID,2005,15.9
Illinois,IL,2005,245.0
Indiana,IN,2005,236.4
Iowa,IA,2005,81.3
Kansas,KS,2005,72.5
Kentucky,KY,2005,151.5
Louisiana,LA,2005,206.2
Maine,ME,2005,23.2
Maryland,MD,2005,83.6
Massachusetts,MA,2005,85.0
Michigan,MI,2005,192.2
Minnesota,MN,2005,102.3
Mississippi,MS,2005,64.4
Missouri,MO,2005,142.8
Montana,MT,2005,35.3
Nebraska,NE,2005,44.2
Nevada,NV,2005,50.3
New Hampshire,NH,2005,21.4
New Jersey,NJ,2005,129.2
New Mexico,NM,2005,59.7
New York,NY,2005,210.7
North Carolina,NC,2005,155.7
North Dakota,ND,2005,53.2
Ohio,OH,2005,273.7
Oklahoma,OK,2005,107.2
Oregon,OR,2005,41.3
Pennsylvania,PA,2005,281.4
Rhode Island,RI,2005,11.3
South Carolina,SC,2005,86.9
South Dakota,SD,2005,13.4
Tennessee,TN,2005,126.5
Texas,TX,2005,654.4
Utah,UT,2005,67.5
Vermont,VT,2005,6.8
Virginia,VA,2005,130.0
Washington,WA,2005,76.2
West Virginia,WV,2005,113.6
Wisconsin,WI,2005,111.6
Wyoming,WY,2005,63.9
United States,US,2005,5999.2
Alabama,AL,2006,147.5
Alaska,AK,2006,46.2
Arizona,AZ,2006,100.9
Arkansas,AR,2006,62.6
California,CA,2006,394.7
Colorado,CO,2006,97.5
Connecticut,CT,2006,41.3
Delaware,DE,2006,15.9
District of Columbia,DC,2006,3.2
Florida,FL,2006,261.3
Georgia,GA,2006,183.8
Hawaii,HI,2006,23.5
Idaho,ID,2006,15.9
Illinois,IL,2006,237.0
Indiana,IN,2006,234.4
Iowa,IA,2006,82.7
Kansas,KS,2006,72.7
Kentucky,KY,2006,153.9
Louisiana,LA,2006,212.9
Maine,ME,2006,21.4
Maryland,MD,2006,78.7
Massachusetts,MA,2006,77.1
Michigan,MI,2006,181.0
Minnesota,MN,2006,99.6
Mississippi,MS,2006,66.5
Missouri,MO,2006,141.0
Montana,MT,2006,35.5
Nebraska,NE,2006,44.8
Nevada,NV,2006,41.8
New Hampshire,NH,2006,19.5
New Jersey,NJ,2006,122.1
New Mexico,NM,2006,60.3
New York,NY,2006,192.2
North Carolina,NC,2006,150.2
North Dakota,ND,2006,51.5
Ohio,OH,2006,266.5
Oklahoma,OK,2006,110.6
Oregon,OR,2006,40.6
Pennsylvania,PA,2006,275.9
Rhode Island,RI,2006,10.6
South Carolina,SC,2006,87.3
South Dakota,SD,2006,13.5
Tennessee,TN,2006,128.5
Texas,TX,2006,653.8
Utah,UT,2006,68.8
Vermont,VT,2006,6.7
Virginia,VA,2006,123.5
Washington,WA,2006,73.9
West Virginia,WV,2006,113.8
Wisconsin,WI,2006,103.7
Wyoming,WY,2006,64.7
United States,US,2006,5913.7
Alabama,AL,2007,149.0
Alaska,AK,2007,44.5
Arizona,AZ,2007,102.8
Arkansas,AR,2007,63.9
California,CA,2007,399.3
Colorado,CO,2007,100.1
Connecticut,CT,2007,40.5
Delaware,DE,2007,16.7
District of Columbia,DC,2007,3.4
Florida,FL,2007,258.7
Georgia,GA,2007,186.3
Hawaii,HI,2007,24.3
Idaho,ID,2007,16.4
Illinois,IL,2007,244.5
Indiana,IN,2007,233.9
Iowa,IA,2007,87.9
Kansas,KS,2007,80.4
Kentucky,KY,2007,154.3
Louisiana,LA,2007,213.5
Maine,ME,2007,21.1
Maryland,MD,2007,78.9
Massachusetts,MA,2007,80.4
Michigan,MI,2007,183.0
Minnesota,MN,2007,101.1
Mississippi,MS,2007,68.5
Missouri,MO,2007,140.0
Montana,MT,2007,36.9
Nebraska,NE,2007,45.0
Nevada,NV,2007,42.0
New Hampshire,NH,2007,19.3
New Jersey,NJ,2007,129.6
New Mexico,NM,2007,59.4
New York,NY,2007,198.7
North Carolina,NC,2007,156.0
North Dakota,ND,2007,53.3
Ohio,OH,2007,270.1
Oklahoma,OK,2007,109.8
Oregon,OR,2007,44.0
Pennsylvania,PA,2007,278.5
Rhode Island,RI,2007,11.1
South Carolina,SC,2007,87.7
South Dakota,SD,2007,14.0
Tennessee,TN,2007,128.1
Texas,TX,2007,652.9
Utah,UT,2007,70.7
Vermont,VT,2007,6.5
Virginia,VA,2007,128.7
Washington,WA,2007,79.3
West Virginia,WV,2007,116.0
Wisconsin,WI,2007,105.3
Wyoming,WY,2007,67.0
United States,US,2007,6003.1
Alabama,AL,2008,141.2
Alaska,AK,2008,39.9
Arizona,AZ,2008,103.3
Arkansas,AR,2008,64.8
California,CA,2008,383.5
Colorado,CO,2008,98.1
Connecticut,CT,2008,37.9
Delaware,DE,2008,15.8
District of Columbia,DC,2008,3.1
Florida,FL,2008,240.4
Georgia,GA,2008,173.7
Hawaii,HI,2008,19.5
Idaho,ID,2008,15.6
Illinois,IL,2008,243.2
Indiana,IN,2008,229.6
Iowa,IA,2008,91.8
Kansas,KS,2008,75.1
Kentucky,KY,2008,152.0
Louisiana,LA,2008,215.5
Maine,ME,2008,19.2
Maryland,MD,2008,75.1
Massachusetts,MA,2008,77.2
Michigan,MI,2008,176.7
Minnesota,MN,2008,100.7
Mississippi,MS,2008,65.1
Missouri,MO,2008,136.7
Montana,MT,2008,36.2
Nebraska,NE,2008,47.1
Nevada,NV,2008,41.2
New Hampshire,NH,2008,18.9
New Jersey,NJ,2008,127.4
New Mexico,NM,2008,56.9
New York,NY,2008,188.9
North Carolina,NC,2008,150.8
North Dakota,ND,2008,53.7
Ohio,OH,2008,262.8
Oklahoma,OK,2008,112.6
Oregon,OR,2008,43.0
Pennsylvania,PA,2008,270.4
Rhode Island,RI,2008,10.7
South Carolina,SC,2008,85.5
South Dakota,SD,2008,15.1
Tennessee,TN,2008,121.7
Texas,TX,2008,624.5
Utah,UT,2008,69.9
Vermont,VT,2008,6.0
Virginia,VA,2008,117.5
Washington,WA,2008,76.0
West Virginia,WV,2008,111.8
Wisconsin,WI,2008,105.8
Wyoming,WY,2008,67.6
United States,US,2008,5816.6
Alabama,AL,2009,121.2
Alaska,AK,2009,38.2
Arizona,AZ,2009,94.2
Arkansas,AR,2009,62.0
California,CA,2009,369.7
Colorado,CO,2009,93.9
Connecticut,CT,2009,36.1
Delaware,DE,2009,12.1
District of Columbia,DC,2009,3.2
Florida,FL,2009,225.7
Georgia,GA,2009,163.5
Hawaii,HI,2009,19.1
Idaho,ID,2009,15.2
Illinois,IL,2009,227.6
Indiana,IN,2009,206.3
Iowa,IA,2009,86.7
Kansas,KS,2009,73.2
Kentucky,KY,2009,141.4
Louisiana,LA,2009,201.0
Maine,ME,2009,18.5
Maryland,MD,2009,71.7
Massachusetts,MA,2009,70.6
Michigan,MI,2009,165.4
Minnesota,MN,2009,92.8
Mississippi,MS,2009,60.9
Missouri,MO,2009,130.9
Montana,MT,2009,32.7
Nebraska,NE,2009,47.8
Nevada,NV,2009,39.6
New Hampshire,NH,2009,17.2
New Jersey,NJ,2009,110.1
New Mexico,NM,2009,57.7
New York,NY,2009,172.8
North Carolina,NC,2009,134.2
North Dakota,ND,2009,52.2
Ohio,OH,2009,237.4
Oklahoma,OK,2009,106.7
Oregon,OR,2009,41.0
Pennsylvania,PA,2009,244.8
Rhode Island,RI,2009,11.3
South Carolina,SC,2009,79.8
South Dakota,SD,2009,14.9
Tennessee,TN,2009,102.8
Texas,TX,2009,585.9
Utah,UT,2009,65.0
Vermont,VT,2009,6.2
Virginia,VA,2009,106.2
Washington,WA,2009,73.7
West Virginia,WV,2009,90.5
Wisconsin,WI,2009,96.7
Wyoming,WY,2009,64.2
United States,US,2009,5392.0
Alabama,AL,2010,133.8
Alaska,AK,2010,39.0
Arizona,AZ,2010,96.0
Arkansas,AR,2010,66.2
California,CA,2010,363.5
Colorado,CO,2010,96.2
Connecticut,CT,2010,36.3
Delaware,DE,2010,11.3
District of Columbia,DC,2010,3.2
Florida,FL,2010,243.4
Georgia,GA,2010,172.7
Hawaii,HI,2010,19.2
Idaho,ID,2010,16.0
Illinois,IL,2010,232.1
Indiana,IN,2010,218.3
Iowa,IA,2010,90.9
Kansas,KS,2010,72.8
Kentucky,KY,2010,150.5
Louisiana,LA,2010,213.2
Maine,ME,2010,18.1
Maryland,MD,2010,70.2
Massachusetts,MA,2010,72.0
Michigan,MI,2010,165.8
Minnesota,MN,2010,92.4
Mississippi,MS,2010,65.6
Missouri,MO,2010,134.7
Montana,MT,2010,34.6
Nebraska,NE,2010,50.2
Nevada,NV,2010,37.7
New Hampshire,NH,2010,16.6
New Jersey,NJ,2010,114.1
New Mexico,NM,2010,53.5
New York,NY,2010,174.3
North Carolina,NC,2010,144.0
North Dakota,ND,2010,52.9
Ohio,OH,2010,249.1
Oklahoma,OK,2010,106.1
Oregon,OR,2010,40.8
Pennsylvania,PA,2010,256.2
Rhode Island,RI,2010,11.0
South Carolina,SC,2010,83.9
South Dakota,SD,2010,15.2
Tennessee,TN,2010,110.3
Texas,TX,2010,622.0
Utah,UT,2010,64.1
Vermont,VT,2010,5.9
Virginia,VA,2010,109.1
Washington,WA,2010,73.6
West Virginia,WV,2010,101.5
Wisconsin,WI,2010,98.9
Wyoming,WY,2010,65.7
United States,US,2010,5584.6
Alabama,AL,2011,130.8
Alaska,AK,2011,38.9
Arizona,AZ,2011,94.0
Arkansas,AR,2011,67.7
California,CA,2011,349.1
Colorado,CO,2011,92.4
Connecticut,CT,2011,34.9
Delaware,DE,2011,12.3
District of Columbia,DC,2011,3.1
Florida,FL,2011,230.0
Georgia,GA,2011,157.2
Hawaii,HI,2011,19.6
Idaho,ID,2011,15.8
Illinois,IL,2011,230.7
Indiana,IN,2011,210.7
Iowa,IA,2011,87.7
Kansas,KS,2011,70.9
Kentucky,KY,2011,149.3
Louisiana,LA,2011,216.1
Maine,ME,2011,17.6
Maryland,MD,2011,65.5
Massachusetts,MA,2011,68.1
Michigan,MI,2011,160.4
Minnesota,MN,2011,92.0
Mississippi,MS,2011,60.7
Missouri,MO,2011,135.2
Montana,MT,2011,31.6
Nebraska,NE,2011,52.6
Nevada,NV,2011,34.0
New Hampshire,NH,2011,16.3
New Jersey,NJ,2011,114.4
New Mexico,NM,2011,55.9
New York,NY,2011,164.3
North Carolina,NC,2011,129.4
North Dakota,ND,2011,54.3
Ohio,OH,2011,237.1
Oklahoma,OK,2011,107.8
Oregon,OR,2011,37.3
Pennsylvania,PA,2011,248.7
Rhode Island,RI,2011,11.1
South Carolina,SC,2011,80.0
South Dakota,SD,2011,14.7
Tennessee,TN,2011,106.7
Texas,TX,2011,639.1
Utah,UT,2011,64.6
Vermont,VT,2011,5.8
Virginia,VA,2011,100.2
Washington,WA,2011,68.7
West Virginia,WV,2011,98.7
Wisconsin,WI,2011,97.9
Wyoming,WY,2011,64.4
United States,US,2011,5445.9
Alabama,AL,2012,124.2
Alaska,AK,2012,38.4
Arizona,AZ,2012,92.1
Arkansas,AR,2012,66.6
California,CA,2012,354.3
Colorado,CO,2012,91.4
Connecticut,CT,2012,34.2
Delaware,DE,2012,13.4
District of Columbia,DC,2012,2.7
Florida,FL,2012,224.1
Georgia,GA,2012,137.1
Hawaii,HI,2012,19.1
Idaho,ID,2012,15.7
Illinois,IL,2012,218.2
Indiana,IN,2012,196.3
Iowa,IA,2012,81.8
Kansas,KS,2012,66.2
Kentucky,KY,2012,138.1
Louisiana,LA,2012,205.4
Maine,ME,2012,15.9
Maryland,MD,2012,61.0
Massachusetts,MA,2012,61.9
Michigan,MI,2012,153.9
Minnesota,MN,2012,87.2
Mississippi,MS,2012,62.6
Missouri,MO,2012,127.7
Montana,MT,2012,30.4
Nebraska,NE,2012,51.0
Nevada,NV,2012,34.7
New Hampshire,NH,2012,14.6
New Jersey,NJ,2012,104.0
New Mexico,NM,2012,53.9
New York,NY,2012,160.9
North Carolina,NC,2012,122.2
North Dakota,ND,2012,56.8
Ohio,OH,2012,217.3
Oklahoma,OK,2012,105.2
Oregon,OR,2012,37.0
Pennsylvania,PA,2012,238.3
Rhode Island,RI,2012,10.6
South Carolina,SC,2012,73.5
South Dakota,SD,2012,15.1
Tennessee,TN,2012,100.4
Texas,TX,2012,628.4
Utah,UT,2012,62.0
Vermont,VT,2012,5.5
Virginia,VA,2012,98.3
Washington,WA,2012,68.5
West Virginia,WV,2012,93.2
Wisconsin,WI,2012,90.9
Wyoming,WY,2012,66.9
United States,US,2012,5229.0
Alabama,AL,2013,121.5
Alaska,AK,2013,36.2
Arizona,AZ,2013,95.7
Arkansas,AR,2013,68.8
California,CA,2013,356.1
Colorado,CO,2013,91.8
Connecticut,CT,2013,34.9
Delaware,DE,2013,13.1
District of Columbia,DC,2013,2.8
Florida,FL,2013,222.6
Georgia,GA,2013,135.1
Hawaii,HI,2013,18.6
Idaho,ID,2013,17.2
Illinois,IL,2013,231.2
Indiana,IN,2013,201.3
Iowa,IA,2013,82.9
Kansas,KS,2013,69.8
Kentucky,KY,2013,137.2
Louisiana,LA,2013,198.3
Maine,ME,2013,16.6
Maryland,MD,2013,60.1
Massachusetts,MA,2013,65.7
Michigan,MI,2013,162.3
Minnesota,MN,2013,89.9
Mississippi,MS,2013,60.7
Missouri,MO,2013,132.9
Montana,MT,2013,31.7
Nebraska,NE,2013,53.8
Nevada,NV,2013,36.5
New Hampshire,NH,2013,14.3
New Jersey,NJ,2013,107.4
New Mexico,NM,2013,53.4
New York,NY,2013,162.2
North Carolina,NC,2013,125.6
North Dakota,ND,2013,57.3
Ohio,OH,2013,231.1
Oklahoma,OK,2013,103.7
Oregon,OR,2013,39.2
Pennsylvania,PA,2013,247.5
Rhode Island,RI,2013,10.2
South Carolina,SC,2013,70.3
South Dakota,SD,2013,15.5
Tennessee,TN,2013,98.7
Texas,TX,2013,657.8
Utah,UT,2013,67.2
Vermont,VT,2013,5.8
Virginia,VA,2013,105.3
Washington,WA,2013,73.2
West Virginia,WV,2013,95.2
Wisconsin,WI,2013,101.3
Wyoming,WY,2013,68.8
United States,US,2013,5356.0
Alabama,AL,2014,123.8
Alaska,AK,2014,35.2
Arizona,AZ,2014,93.6
Arkansas,AR,2014,69.4
California,CA,2014,353.1
Colorado,CO,2014,92.3
Connecticut,CT,2014,35.1
Delaware,DE,2014,12.8
District of Columbia,DC,2014,3.0
Florida,FL,2014,228.3
Georgia,GA,2014,140.1
Hawaii,HI,2014,18.5
Idaho,ID,2014,16.7
Illinois,IL,2014,234.1
Indiana,IN,2014,206.7
Iowa,IA,2014,83.9
Kansas,KS,2014,70.0
Kentucky,KY,2014,138.5
Louisiana,LA,2014,197.0
Maine,ME,2014,16.6
Maryland,MD,2014,62.5
Massachusetts,MA,2014,63.8
Michigan,MI,2014,162.1
Minnesota,MN,2014,95.1
Mississippi,MS,2014,64.0
Missouri,MO,2014,132.4
Montana,MT,2014,32.2
Nebraska,NE,2014,52.5
Nevada,NV,2014,37.3
New Hampshire,NH,2014,15.0
New Jersey,NJ,2014,113.3
New Mexico,NM,2014,50.3
New York,NY,2014,169.8
North Carolina,NC,2014,127.9
North Dakota,ND,2014,59.3
Ohio,OH,2014,232.9
Oklahoma,OK,2014,104.9
Oregon,OR,2014,38.0
Pennsylvania,PA,2014,247.1
Rhode Island,RI,2014,10.6
South Carolina,SC,2014,74.5
South Dakota,SD,2014,15.5
Tennessee,TN,2014,104.1
Texas,TX,2014,664.1
Utah,UT,2014,65.5
Vermont,VT,2014,5.9
Virginia,VA,2014,104.4
Washington,WA,2014,71.6
West Virginia,WV,2014,100.8
Wisconsin,WI,2014,101.5
Wyoming,WY,2014,65.8
United States,US,2014,5413.2
Alabama,AL,2015,120.6
Alaska,AK,2015,36.3
Arizona,AZ,2015,91.3
Arkansas,AR,2015,59.5
California,CA,2015,360.6
Colorado,CO,2015,91.0
Connecticut,CT,2015,36.5
Delaware,DE,2015,12.9
District of Columbia,DC,2015,3.0
Florida,FL,2015,232.6
Georgia,GA,2015,137.4
Hawaii,HI,2015,18.7
Idaho,ID,2015,17.9
Illinois,IL,2015,216.4
Indiana,IN,2015,187.2
Iowa,IA,2015,77.8
Kansas,KS,2015,64.2
Kentucky,KY,2015,128.9
Louisiana,LA,2015,200.5
Maine,ME,2015,16.8
Maryland,MD,2015,60.5
Massachusetts,MA,2015,65.6
Michigan,MI,2015,162.3
Minnesota,MN,2015,88.0
Mississippi,MS,2015,65.2
Missouri,MO,2015,123.1
Montana,MT,2015,32.1
Nebraska,NE,2015,50.9
Nevada,NV,2015,35.3
New Hampshire,NH,2015,15.2
New Jersey,NJ,2015,111.6
New Mexico,NM,2015,50.4
New York,NY,2015,167.7
North Carolina,NC,2015,121.4
North Dakota,ND,2015,57.9
Ohio,OH,2015,214.0
Oklahoma,OK,2015,101.0
Oregon,OR,2015,38.1
Pennsylvania,PA,2015,230.7
Rhode Island,RI,2015,10.9
South Carolina,SC,2015,72.8
South Dakota,SD,2015,14.3
Tennessee,TN,2015,100.3
Texas,TX,2015,659.7
Utah,UT,2015,63.8
Vermont,VT,2015,6.2
Virginia,VA,2015,103.4
Washington,WA,2015,73.4
West Virginia,WV,2015,92.9
Wisconsin,WI,2015,100.2
Wyoming,WY,2015,63.9
United States,US,2015,5262.8
Alabama,AL,2016,115.4
Alaska,AK,2016,35.0
Arizona,AZ,2016,87.3
Arkansas,AR,2016,62.6
California,CA,2016,360.7
Colorado,CO,2016,87.6
Connecticut,CT,2016,34.2
Delaware,DE,2016,13.3
District of Columbia,DC,2016,2.8
Florida,FL,2016,230.1
Georgia,GA,2016,136.4
Hawaii,HI,2016,18.6
Idaho,ID,2016,18.3
Illinois,IL,2016,204.5
Indiana,IN,2016,182.9
Iowa,IA,2016,74.3
Kansas,KS,2016,62.1
Kentucky,KY,2016,124.1
Louisiana,LA,2016,202.7
Maine,ME,2016,16.4
Maryland,MD,2016,58.5
Massachusetts,MA,2016,63.9
Michigan,MI,2016,152.0
Minnesota,MN,2016,89.4
Mississippi,MS,2016,68.9
Missouri,MO,2016,118.1
Montana,MT,2016,30.6
Nebraska,NE,2016,48.7
Nevada,NV,2016,36.6
New Hampshire,NH,2016,13.7
New Jersey,NJ,2016,110.7
New Mexico,NM,2016,48.4
New York,NY,2016,163.4
North Carolina,NC,2016,120.7
North Dakota,ND,2016,54.9
Ohio,OH,2016,207.4
Oklahoma,OK,2016,97.1
Oregon,OR,2016,37.9
Pennsylvania,PA,2016,217.4
Rhode Island,RI,2016,9.7
South Carolina,SC,2016,71.8
South Dakota,SD,2016,15.0
Tennessee,TN,2016,103.1
Texas,TX,2016,662.8
Utah,UT,2016,59.0
Vermont,VT,2016,5.9
Virginia,VA,2016,104.3
Washington,WA,2016,78.9
West Virginia,WV,2016,95.3
Wisconsin,WI,2016,95.9
Wyoming,WY,2016,61.1
United States,US,2016,5170.5
Alabama,AL,2017,109.4
Alaska,AK,2017,34.5
Arizona,AZ,2017,86.3
Arkansas,AR,2017,64.5
California,CA,2017,362.1
Colorado,CO,2017,87.9
Connecticut,CT,2017,33.7
Delaware,DE,2017,12.4
District of Columbia,DC,2017,2.6
Florida,FL,2017,228.8
Georgia,GA,2017,133.2
Hawaii,HI,2017,17.8
Idaho,ID,2017,18.6
Illinois,IL,2017,202.7
Indiana,IN,2017,177.6
Iowa,IA,2017,76.5
Kansas,KS,2017,58.5
Kentucky,KY,2017,114.6
Louisiana,LA,2017,210.9
Maine,ME,2017,15.5
Maryland,MD,2017,52.7
Massachusetts,MA,2017,63.9
Michigan,MI,2017,153.2
Minnesota,MN,2017,88.9
Mississippi,MS,2017,68.1
Missouri,MO,2017,123.5
Montana,MT,2017,30.6
Nebraska,NE,2017,48.2
Nevada,NV,2017,36.5
New Hampshire,NH,2017,13.5
New Jersey,NJ,2017,102.1
New Mexico,NM,2017,49.1
New York,NY,2017,158.1
North Carolina,NC,2017,116.2
North Dakota,ND,2017,56.7
Ohio,OH,2017,206.4
Oklahoma,OK,2017,93.8
Oregon,OR,2017,38.7
Pennsylvania,PA,2017,217.3
Rhode Island,RI,2017,10.1
South Carolina,SC,2017,69.5
South Dakota,SD,2017,14.6
Tennessee,TN,2017,98.6
Texas,TX,2017,677.3
Utah,UT,2017,58.7
Vermont,VT,2017,5.9
Virginia,VA,2017,98.8
Washington,WA,2017,79.1
West Virginia,WV,2017,91.4
Wisconsin,WI,2017,98.5
Wyoming,WY,2017,62.5
United States,US,2017,5130.6
Alabama,AL,2018,113.4
Alaska,AK,2018,35.2
Arizona,AZ,2018,90.3
Arkansas,AR,2018,71.4
California,CA,2018,362.5
Colorado,CO,2018,89.3
Connecticut,CT,2018,37.1
Delaware,DE,2018,12.6
District of Columbia,DC,2018,2.9
Florida,FL,2018,230.9
Georgia,GA,2018,133.1
Hawaii,HI,2018,18.7
Idaho,ID,2018,19.0
Illinois,IL,2018,210.2
Indiana,IN,2018,191.0
Iowa,IA,2018,82.5
Kansas,KS,2018,62.4
Kentucky,KY,2018,120.7
Louisiana,LA,2018,210.8
Maine,ME,2018,15.0
Maryland,MD,2018,59.4
Massachusetts,MA,2018,63.0
Michigan,MI,2018,162.1
Minnesota,MN,2018,92.6
Mississippi,MS,2018,69.4
Missouri,MO,2018,123.7
Montana,MT,2018,30.7
Nebraska,NE,2018,52.7
Nevada,NV,2018,37.9
New Hampshire,NH,2018,14.2
New Jersey,NJ,2018,108.1
New Mexico,NM,2018,45.4
New York,NY,2018,167.5
North Carolina,NC,2018,119.3
North Dakota,ND,2018,59.2
Ohio,OH,2018,208.6
Oklahoma,OK,2018,97.9
Oregon,OR,2018,39.5
Pennsylvania,PA,2018,221.3
Rhode Island,RI,2018,11.2
South Carolina,SC,2018,73.5
South Dakota,SD,2018,15.6
Tennessee,TN,2018,95.3
Texas,TX,2018,701.1
Utah,UT,2018,60.3
Vermont,VT,2018,5.9
Virginia,VA,2018,103.1
Washington,WA,2018,78.8
West Virginia,WV,2018,89.9
Wisconsin,WI,2018,101.3
Wyoming,WY,2018,63.6
United States,US,2018,5281.0